{
  "hash": "2b2828b9",
  "configHash": "4a25b2f3",
  "lockfileHash": "34dbc9f4",
  "browserHash": "6ee3dcc5",
  "optimized": {
    "@angular/common": {
      "src": "../../../../../../node_modules/@angular/common/fesm2022/common.mjs",
      "file": "@angular_common.js",
      "fileHash": "ef5d30be",
      "needsInterop": false
    },
    "@angular/common/http": {
      "src": "../../../../../../node_modules/@angular/common/fesm2022/http.mjs",
      "file": "@angular_common_http.js",
      "fileHash": "39609847",
      "needsInterop": false
    },
    "@angular/core": {
      "src": "../../../../../../node_modules/@angular/core/fesm2022/core.mjs",
      "file": "@angular_core.js",
      "fileHash": "6844e3b1",
      "needsInterop": false
    },
    "@angular/forms": {
      "src": "../../../../../../node_modules/@angular/forms/fesm2022/forms.mjs",
      "file": "@angular_forms.js",
      "fileHash": "bd0eeb05",
      "needsInterop": false
    },
    "@angular/platform-browser": {
      "src": "../../../../../../node_modules/@angular/platform-browser/fesm2022/platform-browser.mjs",
      "file": "@angular_platform-browser.js",
      "fileHash": "9b10a62b",
      "needsInterop": false
    },
    "@angular/router": {
      "src": "../../../../../../node_modules/@angular/router/fesm2022/router.mjs",
      "file": "@angular_router.js",
      "fileHash": "289b5316",
      "needsInterop": false
    },
    "rxjs": {
      "src": "../../../../../../node_modules/rxjs/dist/esm5/index.js",
      "file": "rxjs.js",
      "fileHash": "eb805ad0",
      "needsInterop": false
    },
    "rxjs/operators": {
      "src": "../../../../../../node_modules/rxjs/dist/esm5/operators/index.js",
      "file": "rxjs_operators.js",
      "fileHash": "dcccdaea",
      "needsInterop": false
    }
  },
  "chunks": {
    "chunk-OUE4MTOQ": {
      "file": "chunk-OUE4MTOQ.js"
    },
    "chunk-EQMJSZ3N": {
      "file": "chunk-EQMJSZ3N.js"
    },
    "chunk-J34IM5AS": {
      "file": "chunk-J34IM5AS.js"
    },
    "chunk-EJNZM2ST": {
      "file": "chunk-EJNZM2ST.js"
    },
    "chunk-CAOFZVKJ": {
      "file": "chunk-CAOFZVKJ.js"
    },
    "chunk-C6ZQOQFD": {
      "file": "chunk-C6ZQOQFD.js"
    },
    "chunk-JINMNLB2": {
      "file": "chunk-JINMNLB2.js"
    },
    "chunk-2C44WUKA": {
      "file": "chunk-2C44WUKA.js"
    }
  }
}